Comment,Designator,Footprint,LCSC Part #
2450AT18A100E,AE1,Johanson_2450AT18x100,C89334
22uF,"C3,C10,C14,C22,C79,C81,C84,C85",C_0805_2012Metric,C45783
10uF,"C4,C15",C_0805_2012Metric,C15850
10nF,"C5,C16",C_0402_1005Metric,C15195
4.7uF,"C6,C80,C90",C_0603_1608Metric,C19666
100nF,"C7,C8,C25,C82,C91",C_0603_1608Metric,C14663
220pF,"C9,C21",C_0603_1608Metric,C156398
100nF,"C11,C19,C23",C_0805_2012Metric,C49678
2.2uF,"C12,C64",C_0603_1608Metric,C23630
10uF,"C13,C17,C18,C107",C_0603_1608Metric,C19702
4.7uF,C20,C_0805_2012Metric,C1779
1uF,"C24,C31,C35,C39,C44,C53,C63,C68,C78",C_0402_1005Metric,C52923
12pF,"C26,C27,C29",C_0402_1005Metric,C1547
1.2pF,C28,C_0402_1005Metric,C327292
100nF,"C30,C32,C33,C34,C37,C38,C41,C42,C43,C45,C46,C47,C49,C50,C51,C52,C55,C56,C57,C58,C59,C60,C61,C62,C65,C66,C67,C69,C70,C71,C72,C92,C93,C94,C95,C96,C97,C98,C99,C101,C103,C104,C106,C108,C109",C_0402_1005Metric,C1525
2.4pF,C36,C_0402_1005Metric,C48346
10uF,C40,C_0402_1005Metric,C15525
20pF,"C48,C54",C_0402_1005Metric,C1554
0.22uF,"C74,C75,C76,C77",C_0603_1608Metric,C107083
100nF,"C83,C88,C105",C_0402_1005Metric,C307331
0.68uF,"C86,C87",C_0805_2012Metric,C107133
220uF,C89,C_Elec_6.3x7.7,C46550464
120pF,C100,C_0402_1005Metric,C40059
TPD1E10B06DPYR,D1,TPD1E05U06DPYR,C48260
PESD0402V05,"D3,D4",D_0402_1005Metric,C19626254
LRB520S-30T1G,D5,D_SOD-523,C83680
RB521S30T1G,D6,DIOM168X70N,C27636108
30R,FB1,R_0603_1608Metric,C17305
120R,"FB2,FB4",BLM18PG121SN1D,C14709
600R,FB5,BLM18PG121SN1D,C85833
usb_c,J1,USB-C-SMD_TYPE-C-USB-18,C134092
1775443-2,J5,1775443-2,C5162845
FH34SRJ-12S-0.5SH(50),J6,HRS_FH34SRJ-12S-0.5SH_50_,C424659
2.2uH,"L1,L2",L_Bourns_SRP4020TA,C719179
3.3nH,L3,L_0402_1005Metric,C16526
2.7nH,L4,L_0402_1005Metric,C434826
2.2nH,L5,L_0402_1005Metric,C162540
10uH,"L6,L7",MTQH404030S100MBT,C51883185
1uH,L8,L_Murata_DFE201610P,C395545
SK6812D-EC3210R,"LED1,LED6",LED-SMD_4P_SK6812D-EC3210R,C2890041
SK6812-EC20,"LED2,LED3,LED4,LED5",SK6805-EC20,C2909058
MMICT390200012,"MK1,MK2",MIC_T3902,C3171752
FH34SRJ-10S-0.5SH_50_,POWER_IN1,HRS_FH34SRJ-10S-0.5SH_50_,C324723
LBSS138WT1G,"Q1,Q2,Q4",SC-70-3_L2.1-W1.3-P0.65-LS2.1-BR / SOT-323_SC-70,C383201
BC847B,Q3,SOT-23,C20069135
5.1k,"R1,R5",R_0402_1005Metric,C25905
22R,"R2,R3",R_0402_1005Metric,C25092
0R,"R7,R14,R22,R24,R27,R28,R29,R30,R31,R40,R42,R43,R44,R45,R46",R_0402_1005Metric,C17168
100k,"R8,R9,R15,R41,R75",R_0402_1005Metric,C25741
49.9R,"R11,R17",R_0603_1608Metric,C23185
210k,R12,R_0603_1608Metric,C22952
40k,R13,R_0603_1608Metric,C861392
68.1k,R18,R_0603_1608Metric,C25976
22.1k,R19,R_0603_1608Metric,C25961
10k,"R20,R21,R49,R58,R79,R81",R_0402_1005Metric,C25744
4.7k,"R32,R33,R50,R70",R_0402_1005Metric,C25900
1M,"R34,R73,R76",R_0402_1005Metric,C26083
680R,R35,R_0402_1005Metric,C100510
47k,"R36,R52,R65,R71",R_0402_1005Metric,C25792
100R,"R39,R47,R55,R56,R59,R60,R62,R63,R80",R_0402_1005Metric,C25076
470k,"R48,R54",R_0402_1005Metric,C25790
3.3k,R53,R_0402_1005Metric,C25890
1k,R57,R_0402_1005Metric,C11702
0R,R66,R_1206_3216Metric,C17888
0R,R67,R_0603_1608Metric,C21189
0R,"R68,R69",R_0805_2012Metric,C17477
75k,R72,R_0402_1005Metric,C25798
51k,R74,R_0402_1005Metric,C25794
330k,R77,R_0402_1005Metric,C25778
Reset / BOOT,"SW1,SW2",SW-SMD_4P-L4.2-W3.2-P2.15-LS4.5,C221897
TPS62130,"U3,U7",VQFN-16-1EP_3x3mm_P0.5mm_EP1.68x1.68mm_ThermalVias,C337502
AP22802AW5-7,U4,SOT-23-5,C211404
TLV70018DCKR,U5,SOT65P210X110-5N,C133796
TPS62065DSGR,U6,Texas_DSG0008A_WSON-8-1EP_2x2mm_P0.5mm_EP0.9x1.6mm,C398352
ESP32-S3R8,U8,QFN40P700X700X90-57N,C2913194
W25Q128JVSIQ,U9,SOIC-8_5.3x5.3mm_P1.27mm,C97521
XU316-1024-QF60B-C24,U10,XU316-1024-QF60B-C24,C6617472
W25Q32JVSSIQ,U11,SOIC-8_5.3x5.3mm_P1.27mm,C179173
SN74LVC125APWR,U12,SOP65P640X120-14N,C7813
TLV73333PDBVR,U13,TLV73333PDBVR,C134139
TAS5805MPWPR,U14,TAS5805MPWPR,C478472
MPR121QR2,U15,MPR121QR2,C91322
TS3USB221ERSER,U16,TS3USB221ERSER,C129313
LM66100DCK,U18,SOT-363_SC-70-6,C2869734
74AHCT1G125,U19,SOT-353_SC-70-5,C12495
24MHz 12pF,X1,X4-SMD-2.0X1.6MM,C252273
40MHz,Y1,Crystal_SMD_2016-4Pin_2.0x1.6mm,C49158179
