Item,Quantity,Designator,Manufacturer,Manufacturer Part Number,Description,Package,Footprint,Value,LCSC Part #
1,1,AE1,Johanson Dielectrics,2450AT18A100E,-40℃~+125℃ 0.5dBi 1.3mm 1.6mm 2.4GHz 2W 3.2mm 50Ω Patch Antenna SMA 1206 Antennas,1206,Johanson_2450AT18x100,2450AT18A100E,C89334
2,8,"C3,C10,C14,C22,C79,C81,C84,C85",Samsung Electro-Mechanics,CL21A226MAQNNNE,22uF 25V X5R ±20% 0805 Multilayer Ceramic Capacitors MLCC - SMD/SMT,0805,C_0805_2012Metric,22uF,C45783
3,2,"C4,C15",Samsung Electro-Mechanics,CL21A106KAYNNNE,10uF 25V X5R ±10% 0805 Multilayer Ceramic Capacitors MLCC - SMD/SMT,0805,C_0805_2012Metric,10uF,C15850
4,2,"C5,C16",Samsung Electro-Mechanics,CL05B103KB5NNNC,10nF 50V X7R ±10% 0402 Multilayer Ceramic Capacitors MLCC - SMD/SMT,0402,C_0402_1005Metric,10nF,C15195
5,3,"C6,C80,C90",Samsung Electro-Mechanics,CL10A475KO8NNNC,16V 4.7uF X5R ±10% 0603 Multilayer Ceramic Capacitors MLCC - SMD/SMT,0603,C_0603_1608Metric,4.7uF,C19666
6,5,"C7,C8,C25,C82,C91",YAGEO,CC0603KRX7R9BB104,100nF 50V X7R ±10% 0603 Multilayer Ceramic Capacitors MLCC - SMD/SMT,0603,C_0603_1608Metric,100nF,C14663
7,2,"C9,C21",FH (Guangdong Fenghua Advanced Tech),0603CG221J500NT,220pF 50V C0G ±5% 0603 Multilayer Ceramic Capacitors MLCC - SMD/SMT,0603,C_0603_1608Metric,220pF,C156398
8,3,"C11,C19,C23",YAGEO,CC0805KRX7R9BB104,100nF 50V X7R ±10% 0805 Multilayer Ceramic Capacitors MLCC - SMD/SMT,0805,C_0805_2012Metric,100nF,C49678
9,2,"C12,C64",Samsung Electro-Mechanics,CL10A225KO8NNNC,16V 2.2uF X5R ±10% 0603 Multilayer Ceramic Capacitors MLCC - SMD/SMT,0603,C_0603_1608Metric,2.2uF,C23630
10,4,"C13,C17,C18,C107",Samsung Electro-Mechanics,CL10A106KP8NNNC,10V 10uF X5R ±10% 0603 Multilayer Ceramic Capacitors MLCC - SMD/SMT,0603,C_0603_1608Metric,10uF,C19702
11,1,C20,Samsung Electro-Mechanics,CL21A475KAQNNNE,25V 4.7uF X5R ±10% 0805 Multilayer Ceramic Capacitors MLCC - SMD/SMT,0805,C_0805_2012Metric,4.7uF,C1779
12,9,"C24,C31,C35,C39,C44,C53,C63,C68,C78",Samsung Electro-Mechanics,CL05A105KA5NQNC,1uF 25V X5R ±10% 0402 Multilayer Ceramic Capacitors MLCC - SMD/SMT,0402,C_0402_1005Metric,1uF,C52923
13,3,"C26,C27,C29",FH (Guangdong Fenghua Advanced Tech),0402CG120J500NT,12pF 50V C0G ±5% 0402 Multilayer Ceramic Capacitors MLCC - SMD/SMT,0402,C_0402_1005Metric,12pF,C1547
14,1,C28,YAGEO,CC0402BRNPO9BN1R2,1.2pF 50V NP0 0402 Multilayer Ceramic Capacitors MLCC - SMD/SMT,0402,C_0402_1005Metric,1.2pF,C327292
15,45,"C30,C32,C33,C34,C37,C38,C41,C42,C43,C45,C46,C47,C49,C50,C51,C52,C55,C56,C57,C58,C59,C60,C61,C62,C65,C66,C67,C69,C70,C71,C72,C92,C93,C94,C95,C96,C97,C98,C99,C101,C103,C104,C106,C108,C109",Samsung Electro-Mechanics,CL05B104KO5NNNC,100nF 16V X7R ±10% 0402 Multilayer Ceramic Capacitors MLCC - SMD/SMT,0402,C_0402_1005Metric,100nF,C1525
16,1,C36,FH (Guangdong Fenghua Advanced Tech),0402CG2R4C500NT,2.4pF 50V C0G 0402 Multilayer Ceramic Capacitors MLCC - SMD/SMT,0402,C_0402_1005Metric,2.4pF,C48346
17,1,C40,Samsung Electro-Mechanics,CL05A106MQ5NUNC,10uF 6.3V X5R ±20% 0402 Multilayer Ceramic Capacitors MLCC - SMD/SMT,0402,C_0402_1005Metric,10uF,C15525
18,2,"C48,C54",FH (Guangdong Fenghua Advanced Tech),0402CG200J500NT,20pF 50V C0G ±5% 0402 Multilayer Ceramic Capacitors MLCC - SMD/SMT,0402,C_0402_1005Metric,20pF,C1554
19,4,"C74,C75,C76,C77",YAGEO,CC0603KRX7R9BB224,220nF 50V X7R ±10% 0603 Multilayer Ceramic Capacitors MLCC - SMD/SMT,0603,C_0603_1608Metric,0.22uF,C107083
20,3,"C83,C88,C105",Samsung Electro-Mechanics,CL05B104KB54PNC,100nF 50V X7R ±10% 0402 Multilayer Ceramic Capacitors MLCC - SMD/SMT,0402,C_0402_1005Metric,100nF,C307331
21,2,"C86,C87",YAGEO,CC0805KKX7R9BB684,50V 680nF X7R ±10% 0805 Multilayer Ceramic Capacitors MLCC - SMD/SMT,0805,C_0805_2012Metric,0.68uF,C107133
22,1,C89,jieerrui,MA25V220M6X8,"-55℃~+105℃ 2.9A@100kHz 2000hrs@105℃ 220uF 25V 28mΩ@100kHz 6.3mm 7.7mm Polarized Polymer ±20% SMD,D6.3xL7.7mm Polymer Aluminum Capacitors","SMD,D6.3xL7.7mm",C_Elec_6.3x7.7,220uF,C46550464
23,1,C100,FH (Guangdong Fenghua Advanced Tech),0402CG121J500NT,120pF 50V C0G ±5% 0402 Multilayer Ceramic Capacitors MLCC - SMD/SMT,0402,C_0402_1005Metric,120pF,C40059
24,1,D1,Texas Instruments,TPD1E10B06DPYR,-40℃~+125℃ 1 100nA 12pF 14V 5.5V 6A@8/20us 6V 90W@8/20us Bidirectional ESD IEC 61000-4-2 X1-SON-2(0.6x1) ESD and Surge Protection (TVS/ESD),X1-SON-2(0.6x1),TPD1E05U06DPYR,TPD1E10B06DPYR,C48260
25,2,"D3,D4",DOWO,PESD0402V05,-55℃~+125℃ 0.05pF 1 10nA 40V 5V Bidirectional ESD IEC 61000-4-2 0402 ESD and Surge Protection (TVS/ESD),0402,D_0402_1005Metric,PESD0402V05,C19626254
26,1,D5,LRC,LRB520S-30T1G,1 Independent 1A 1uA 200mA 30V 600mV SOD-523 Schottky Diodes,SOD-523,D_SOD-523,LRB520S-30T1G,C83680
27,1,D6,DOWO,RB521S30T1G-DW,1 Independent 1A 200mA 30V 30uA@10V 500mV@200mA SOD-523 Schottky Diodes,SOD-523,DIOM168X70N,RB521S30T1G,C27636108
28,1,FB1,Murata Electronics,BLM18PG300SN1D,-55℃~+125℃ 1 1A 30Ω@100MHz 50mΩ ±25% 0603 Ferrite Beads,0603,R_0603_1608Metric,30R,C17305
29,2,"FB2,FB4",Murata Electronics,BLM18PG121SN1D,-55℃~+125℃ 1 120Ω@100MHz 2A 50mΩ ±25% 0603 Ferrite Beads,0603,BLM18PG121SN1D,120R,C14709
30,1,FB5,Murata Electronics,BLM18KG601SN1D,1 1.3A 150mΩ 600Ω@100MHz ±25% 0603 Ferrite Beads,0603,BLM18PG121SN1D,600R,C85833
31,1,J1,MOLEX,1054500101,"-30℃~+85℃ 1 10,000 cycles 24P 30V Black Female Type-C USB 3.2 SMD USB Connectors",SMD,USB-C-SMD_TYPE-C-USB-18,usb_c,C134092
32,1,J5,TE Connectivity,5-1775443-2,"-55℃~+105℃ 1 1.5mm 1x2P 2 250V 2P 3A Brass Surface Mount,Vertical Tin UL94V-0 SMD,P=1.5mm Wire To Board Connector","SMD,P=1.5mm",1775443-2,1775443-2,C5162845
33,1,J6,HRS(Hirose),FH34SRJ-12S-0.5SH(50),"-55℃~+105℃ 0.3mm 0.5mm 12P 1mm Double-Sided Contacts, Top and Bottom Entry Gold Phosphor bronze Surface Mount, Right Angle SMD,P=0.5mm, FFC, FPC (Flat Flexible) Connector Assemblies","SMD,P=0.5mm,Surface Mount，Right Angle",HRS_FH34SRJ-12S-0.5SH_50_,FH34SRJ-12S-0.5SH(50),C424659
34,2,"L1,L2",BOURNS,SRP4020TA-2R2M,"2.2uH 4A 61mΩ 6A ±20% SMD,4.5x4.1mm Power Inductors","SMD,4.5x4.1mm",L_Bourns_SRP4020TA,2.2uH,C719179
35,1,L3,Sunlord,SDCL1005C3N3STDF,200mΩ 3.3nH 300mA 6GHz 8@100MHz Multilayer inductor 0402 Inductors (SMD),0402,L_0402_1005Metric,3.3nH,C16526
36,1,L4,TDK,MHQ1005P2N7BT000,2.7nH 23@250MHz 40mΩ 6.5GHz 900mA Multilayer inductor 0402 Inductors (SMD),0402,L_0402_1005Metric,2.7nH,C434826
37,1,L5,Murata Electronics,LQG15HS2N2B02D,2.2nH 6GHz 8@100MHz 900mA 90mΩ Multilayer inductor 0402 Inductors (SMD),0402,L_0402_1005Metric,2.2nH,C162540
38,2,"L6,L7",MetalLions,MTQH404030S100MBT,"SMD,4.1x4.1mm Molding Power Inductors","SMD,4.1x4.1mm",MTQH404030S100MBT,10uH,C51883185
39,1,L8,Sunlord,WPN201610U1R0MTY01,1uH 3.1A 3.8A 50mΩ ±20% 0806 Power Inductors,0806,L_Murata_DFE201610P,1uH,C395545
40,2,"LED1,LED6",OPSCO Optoelectronics,SK6812D-EC3210R,"-40℃~+80℃ 0.25mA 1.08mm 1mm 2000V 3.2mm 3.7V~5.5V 460nm~475nm 4kHz 520nm~535nm 620nm~630nm 800Kbit/s Built-in power-on reset circuit、Built-in power-on reset circuit Side View Mount SMD-4P,3.2x1.1mm RGB LEDs(Built-in IC)","SMD-4P,3.2x1.1mm",LED-SMD_4P_SK6812D-EC3210R,SK6812D-EC3210R,C2890041
41,4,"LED2,LED3,LED4,LED5",OPSCO Optoelectronics,SK6812-EC20,"-40℃~+80℃ 0.65mA 0.65mm 100mcd~200mcd 160mcd~320mcd 160° 1kHz 2000V 2mm 2mm 3.7V~5.5V 460nm~475nm 50mcd~100mcd 520nm~535nm 620nm~630nm 800Kbit/s Built-in power-on reset circuit、Built-in one-way transmission function Semi-transparent lens SMD,2x2mm RGB LEDs(Built-in IC)","SMD,2x2mm",SK6805-EC20,SK6812-EC20,C2909058
42,2,"MK1,MK2",TDK InvenSense,MMICT390200012,-32dB -40℃~+85℃ 0.98mm 1.65V~3.63V 2.65mm 3.5mm 64dB 650uA Omnidirectional Omnidirectional pickup LGA-5(3.5x2.7) MEMS Microphones,LGA-5(3.5x2.7),MIC_T3902,MMICT390200012,C3171752
43,1,POWER_IN1,HRS(Hirose),FH34SRJ-10S-0.5SH(50),"-55℃~+105℃ 0.3mm 0.5mm 10P 1mm Double-Sided Contacts, Top and Bottom Entry Gold Phosphor bronze Surface Mount, Right Angle SMD,P=0.5mm, FFC, FPC (Flat Flexible) Connector Assemblies","SMD,P=0.5mm,Surface Mount，Right Angle",HRS_FH34SRJ-10S-0.5SH_50_,FH34SRJ-10S-0.5SH_50_,C324723
44,3,"Q1,Q2,Q4",LRC,LBSS138WT1G,-55℃~+150℃ 1 N-channel 1.5V 10Ω@2.75V 150mW 200mA 25pF 50V 50pF 5pF N-Channel SC-70 MOSFETs,SC-70,SOT-323_SC-70 / SC-70-3_L2.1-W1.3-P0.65-LS2.1-BR,LBSS138WT1G,C383201
45,1,Q3,hongjiacheng,BC847B,-55℃~+150℃ 1 NPN 100MHz 100mA 100nA 200 200mW 45V 500mV 6V NPN SOT-23 Bipolar (BJT),SOT-23,SOT-23,BC847B,C20069135
46,2,"R1,R5",UNI-ROYAL(Uniroyal Elec),0402WGF5101TCE,-55℃~+155℃ 5.1kΩ 50V 62.5mW Thick Film Resistor ±1% ±100ppm/℃ 0402 Chip Resistor - Surface Mount,0402,R_0402_1005Metric,5.1k,C25905
47,2,"R2,R3",UNI-ROYAL(Uniroyal Elec),0402WGF220JTCE,-55℃~+155℃ 22Ω 50V 62.5mW Thick Film Resistor ±1% ±100ppm/℃ 0402 Chip Resistor - Surface Mount,0402,R_0402_1005Metric,22R,C25092
48,15,"R7,R14,R22,R24,R27,R28,R29,R30,R31,R40,R42,R43,R44,R45,R46",UNI-ROYAL(Uniroyal Elec),0402WGF0000TCE,-55℃~+155℃ 0Ω 50V 62.5mW Thick Film Resistor ±1% ±800ppm/℃ 0402 Chip Resistor - Surface Mount,0402,R_0402_1005Metric,0R,C17168
49,5,"R8,R9,R15,R41,R75",UNI-ROYAL(Uniroyal Elec),0402WGF1003TCE,-55℃~+155℃ 100kΩ 50V 62.5mW Thick Film Resistor ±1% ±100ppm/℃ 0402 Chip Resistor - Surface Mount,0402,R_0402_1005Metric,100k,C25741
50,2,"R11,R17",UNI-ROYAL(Uniroyal Elec),0603WAF499JT5E,-55℃~+155℃ 100mW 49.9Ω 75V Thick Film Resistor ±1% ±100ppm/℃ 0603 Chip Resistor - Surface Mount,0603,R_0603_1608Metric,49.9R,C23185
51,1,R12,UNI-ROYAL(Uniroyal Elec),0603WAF2103T5E,-55℃~+155℃ 100mW 210kΩ 75V Thick Film Resistor ±1% ±100ppm/℃ 0603 Chip Resistor - Surface Mount,0603,R_0603_1608Metric,210k,C22952
52,1,R13,YAGEO,RT0603BRD0740KL,-55℃~+155℃ 100mW 40kΩ 75V Thin Film Resistor ±0.1% ±25ppm/℃ 0603 Chip Resistor - Surface Mount,0603,R_0603_1608Metric,40k,C861392
53,1,R18,UNI-ROYAL(Uniroyal Elec),0603WAF6812T5E,-55℃~+155℃ 100mW 68.1kΩ 75V Thick Film Resistor ±1% ±100ppm/℃ 0603 Chip Resistor - Surface Mount,0603,R_0603_1608Metric,68.1k,C25976
54,1,R19,UNI-ROYAL(Uniroyal Elec),0603WAF2212T5E,-55℃~+155℃ 100mW 22.1kΩ 75V Thick Film Resistor ±1% ±100ppm/℃ 0603 Chip Resistor - Surface Mount,0603,R_0603_1608Metric,22.1k,C25961
55,6,"R20,R21,R49,R58,R79,R81",UNI-ROYAL(Uniroyal Elec),0402WGF1002TCE,-55℃~+155℃ 10kΩ 50V 62.5mW Thick Film Resistor ±1% ±100ppm/℃ 0402 Chip Resistor - Surface Mount,0402,R_0402_1005Metric,10k,C25744
56,4,"R32,R33,R50,R70",UNI-ROYAL(Uniroyal Elec),0402WGF4701TCE,-55℃~+155℃ 4.7kΩ 50V 62.5mW Thick Film Resistor ±1% ±100ppm/℃ 0402 Chip Resistor - Surface Mount,0402,R_0402_1005Metric,4.7k,C25900
57,3,"R34,R73,R76",UNI-ROYAL(Uniroyal Elec),0402WGF1004TCE,-55℃~+155℃ 1MΩ 50V 62.5mW Thick Film Resistor ±1% ±100ppm/℃ 0402 Chip Resistor - Surface Mount,0402,R_0402_1005Metric,1M,C26083
58,1,R35,UNI-ROYAL(Uniroyal Elec),0402WGF6800TCE,-55℃~+155℃ 50V 62.5mW 680Ω Thick Film Resistor ±1% ±100ppm/℃ 0402 Chip Resistor - Surface Mount,0402,R_0402_1005Metric,680R,C25130
59,4,"R36,R52,R65,R71",UNI-ROYAL(Uniroyal Elec),0402WGF4702TCE,-55℃~+155℃ 47kΩ 50V 62.5mW Thick Film Resistor ±1% ±100ppm/℃ 0402 Chip Resistor - Surface Mount,0402,R_0402_1005Metric,47k,C25792
60,9,"R39,R47,R55,R56,R59,R60,R62,R63,R80",UNI-ROYAL(Uniroyal Elec),0402WGF1000TCE,-55℃~+155℃ 100Ω 50V 62.5mW Thick Film Resistor ±1% ±100ppm/℃ 0402 Chip Resistor - Surface Mount,0402,R_0402_1005Metric,100R,C25076
61,2,"R48,R54",UNI-ROYAL(Uniroyal Elec),0402WGF4703TCE,-55℃~+155℃ 470kΩ 50V 62.5mW Thick Film Resistor ±1% ±100ppm/℃ 0402 Chip Resistor - Surface Mount,0402,R_0402_1005Metric,470k,C25790
62,1,R53,UNI-ROYAL(Uniroyal Elec),0402WGF3301TCE,-55℃~+155℃ 3.3kΩ 50V 62.5mW Thick Film Resistor ±1% ±100ppm/℃ 0402 Chip Resistor - Surface Mount,0402,R_0402_1005Metric,3.3k,C25890
63,1,R57,UNI-ROYAL(Uniroyal Elec),0402WGF1001TCE,-55℃~+155℃ 1kΩ 50V 62.5mW Thick Film Resistor ±1% ±100ppm/℃ 0402 Chip Resistor - Surface Mount,0402,R_0402_1005Metric,1k,C11702
64,1,R66,UNI-ROYAL(Uniroyal Elec),1206W4F0000T5E,-55℃~+155℃ 0Ω 200V 250mW Thick Film Resistor ±1% ±800ppm/℃ 1206 Chip Resistor - Surface Mount,1206,R_1206_3216Metric,0R,C17888
65,1,R67,UNI-ROYAL(Uniroyal Elec),0603WAF0000T5E,-55℃~+155℃ 0Ω 100mW 75V Thick Film Resistor ±1% 0603 Chip Resistor - Surface Mount,0603,R_0603_1608Metric,0R,C21189
66,2,"R68,R69",UNI-ROYAL(Uniroyal Elec),0805W8F0000T5E,-55℃~+155℃ 0Ω 125mW 150V Thick Film Resistor ±1% ±800ppm/℃ 0805 Chip Resistor - Surface Mount,0805,R_0805_2012Metric,0R,C17477
67,1,R72,UNI-ROYAL(Uniroyal Elec),0402WGF7502TCE,-55℃~+155℃ 50V 62.5mW 75kΩ Thick Film Resistor ±1% ±100ppm/℃ 0402 Chip Resistor - Surface Mount,0402,R_0402_1005Metric,75k,C25798
68,1,R74,UNI-ROYAL(Uniroyal Elec),0402WGF5102TCE,-55℃~+155℃ 50V 51kΩ 62.5mW Thick Film Resistor ±1% ±100ppm/℃ 0402 Chip Resistor - Surface Mount,0402,R_0402_1005Metric,51k,C25794
69,1,R77,UNI-ROYAL(Uniroyal Elec),0402WGF3303TCE,-55℃~+155℃ 330kΩ 50V 62.5mW Thick Film Resistor ±1% ±100ppm/℃ 0402 Chip Resistor - Surface Mount,0402,R_0402_1005Metric,330k,C25778
70,2,"SW1,SW2",C&K,PTS810SJS250SMTRLFS,"-40℃~+85℃ 16V 2.5mm 3.2mm 4.2mm 50mA 6N J-Lead Round Button SPST Surface Mount,Vertical SMD-4P,4.2x3.2mm Tactile Switches","SMD-4P,4.2x3.2mm",SW-SMD_4P-L4.2-W3.2-P2.15-LS4.5,Reset / BOOT,C221897
71,2,"U3,U7",Texas Instruments,TPS62130ARGTR,-40℃~+85℃@(TA) 1 17uA 2.5MHz 3A 3V~17V 900mV~6V Adjustable Buck Buck Built-in Yes QFN-16-EP(3x3) DC-DC Converters,QFN-16-EP(3x3),VQFN-16-1EP_3x3mm_P0.5mm_EP1.68x1.68mm_ThermalVias,TPS62130,C337502
72,1,U4,Diodes Incorporated,AP22802AW5-7,-40℃~+85℃ 1 2.7V~5.5V 2A 50mΩ Active High High Side Switch Short-Circuit  Protection(SCP)、Undervoltage Protection(UVP)、Overcurrent Protection(OCP)、Over Temperature Protection SOT-25-5 Power Distribution Switches,SOT-25-5,SOT-23-5,AP22802AW5-7,C211404
73,1,U5,Texas Instruments,TLV70018DCKR,"-40℃~+125℃@(Tj) 1 1.8V 200mA 250mV@(200mA) 31uA 48uVrms 5.5V 68dB@(1kHz) Fixed Positive Under Voltage Lockout、Over Current Protection、Over Temperature Protection、Enable SC-70-5 Voltage Regulators - Linear, Low Drop Out (LDO) Regulators",SC-70-5,SOT65P210X110-5N,TLV70018DCKR,C133796
74,1,U6,Texas Instruments,TPS62065DSGR,-40℃~+125℃@(TJ) 1 18uA 2.9V~6V 2A 3MHz 800mV~6V Adjustable Buck Buck Built-in Yes WSON-8-EP(2x2) DC-DC Converters,WSON-8-EP(2x2),Texas_DSG0008A_WSON-8-1EP_2x2mm_P0.5mm_EP0.9x1.6mm,TPS62065DSGR,C398352
75,1,U8,Espressif Systems,ESP32-S3R8,-40℃~+65℃ -74.2dBm 150Mbps 18.5dBm 2.412GHz~2.484GHz 2.4GHz 283mA 3V~3.6V 88mA Bluetooth、WiFi DMA function SPI、USB、UART、I2C、I2S transceiver QFN-56(7x7) RF Transceiver ICs,QFN-56(7x7),QFN40P700X700X90-57N,ESP32-S3R8,C2913194
76,1,U9,Winbond Elec,W25Q128JVSIQ,"-40℃~+85℃ 100,000 cycles 120ms@(32KB) 128Mbit 133MHz 1uA 2.7V~3.6V 20 Years 3ms Power-on reset、Hardware write protection、Software write protection、Write enable latch、Absolute write protection SPI SOIC-8-208mil NOR FLASH",SOIC-8-208mil,SOIC-8_5.3x5.3mm_P1.27mm,W25Q128JVSIQ,C97521
77,1,U10,XMOS,XU316-1024-QF60B-C24,0℃~+70℃ 1MB 32 Bit 34 855mV~945mV 8KB External OTP Others QFN-60(7x7) Microcontrollers (MCU/MPU/SOC),QFN-60(7x7),XU316-1024-QF60B-C24,XU316-1024-QF60B-C24,C6617472
78,1,U11,Winbond Elec,W25Q32JVSSIQ,"-40℃~+85℃ 100,000 cycles 133MHz 1uA 2.7V~3.6V 20 Years 32Mbit 3ms SPI SOIC-8-208mil NOR FLASH",SOIC-8-208mil,SOIC-8_5.3x5.3mm_P1.27mm,W25Q32JVSSIQ,C179173
79,1,U12,Texas Instruments,SN74LVC125APWR,"-40℃~+125℃ 1 1.65V~3.6V 2.5ns@3.3V,50pF 24mA 24mA 4 40uA 74LVC Tri-State Unidirectional TSSOP-14 Buffers, Drivers, Receivers, Transceivers",TSSOP-14,SOP65P640X120-14N,SN74LVC125APWR,C7813
80,1,U13,Texas Instruments,TLV73333PDBVR,"-40℃~+125℃@(Tj) 1 125mV@(300mA) 28uVrms 3.3V 300mA 34uA 5.5V 50dB@(1kHz) Fixed Positive Under Voltage Lockout、Over Current Protection、Over Temperature Protection、Enable SOT-23-5 Voltage Regulators - Linear, Low Drop Out (LDO) Regulators",SOT-23-5,TLV73333PDBVR,TLV73333PDBVR,C134139
81,1,U14,Texas Instruments,TAS5805MPWPR,-25℃~+85℃ 0.03% 107dB 16.5mA 2-Channel 23W×2@8Ω 4.5V~26.4V 72dB Class D Overvoltage protection、Digitally programmable gain、Built-in audio processing HTSSOP-28-EP Audio Amplifiers,HTSSOP-28-EP,TAS5805MPWPR,TAS5805MPWPR,C478472
82,1,U15,NXP Semicon,MPR121QR2,-40℃~+85℃ 1.71V~3.6V 12 29uA 2kV 3uA Capacitive Touch QFN-20(3x3) Touch Sensors,QFN-20(3x3),MPR121QR2,MPR121QR2,C91322
83,1,U16,Texas Instruments,TS3USB221ERSER,"-40℃~+85℃ 12ns 1GHz 2 2.3V~3.6V 250ps 2:1 30ns 6Ω 7pF UQFN-10-EP(1.5x2) Analog Switches, Multiplexers",UQFN-10-EP(1.5x2),TS3USB221ERSER,TS3USB221ERSER,C129313
84,1,U18,Texas Instruments,LM66100DCKR,-40℃~+125℃ 1 1.5A 1.5V~5.5V 150nA 95mΩ Integrated FET Reverse current blocking、Reverse polarity protection、With enable SC-70-6 ORing Controllers,SC-70-6,SOT-363_SC-70-6,LM66100DCK,C2869734
85,1,U19,Nexperia,"74AHCT1G125GW,125","-40℃~+125℃ 1 1 4.5V~5.5V 4.8ns@5.5V,50pF 40uA 74AHCT 8mA 8mA Tri-State Unidirectional SOT-353 Buffers, Drivers, Receivers, Transceivers",SOT-353,SOT-353_SC-70-5,74AHCT1G125,C12495
86,1,X1,SJK(SHENZHEN CRYSTAL TECH),7F24000E12UCG,-40℃~+85℃ 12pF 24MHz Crystal Oscillator ±10ppm ±30ppm SMD2016-4P Crystals,SMD2016-4P,X4-SMD-2.0X1.6MM,24MHz 12pF,C252273
87,1,Y1,JLYE,Y201640MDBCX,-40℃~+85℃ 40MHz 9pF SMD crystal oscillator ±10ppm ±20ppm SMD2016-4P Crystals,SMD2016-4P,Crystal_SMD_2016-4Pin_2.0x1.6mm,40MHz,C49158179
