Designator,Mid X,Mid Y,Rotation,Layer
AE1,113.7747,-66.9253,45.0,top
C10,116.9625,-109.3125,180.0,top
C100,133.6000,-82.3000,0.0,top
C101,123.6000,-72.0000,180.0,bottom
C103,141.3700,-56.0950,0.0,top
C104,121.1880,-83.8500,90.0,bottom
C105,124.3000,-115.9800,270.0,bottom
C106,115.7500,-106.4300,270.0,bottom
C107,143.0000,-65.9400,0.0,top
C108,105.6000,-85.1000,315.0,top
C109,168.6000,-92.2000,0.0,top
C11,124.5125,-110.3625,270.0,top
C12,140.9700,-79.6150,270.0,top
C13,136.1500,-81.9375,270.0,top
C14,116.2000,-103.4800,270.0,top
C15,118.2000,-103.4800,270.0,top
C16,115.9625,-105.9800,180.0,top
C17,138.9700,-73.1150,180.0,top
C18,134.3750,-75.1625,180.0,top
C19,142.1950,-73.1150,0.0,top
C20,137.5896,-75.1115,0.0,top
C21,106.9425,-102.7550,270.0,top
C22,108.4425,-97.9800,270.0,top
C23,106.4425,-98.0300,270.0,top
C24,116.4000,-81.0000,90.0,top
C25,130.9000,-78.3350,270.0,top
C26,118.6707,-71.2980,0.0,top
C27,118.4710,-67.2000,180.0,top
C28,117.2000,-71.9000,270.0,top
C29,119.6200,-81.9000,180.0,top
C3,125.5125,-114.8625,270.0,top
C30,126.3000,-70.1000,90.0,bottom
C31,118.8000,-72.3000,0.0,top
C32,118.8000,-73.2800,0.0,top
C33,120.2000,-67.3000,90.0,bottom
C34,128.9000,-65.8000,90.0,bottom
C35,129.9000,-65.8000,90.0,bottom
C36,121.2737,-75.3000,0.0,top
C37,119.2737,-75.3000,180.0,top
C38,121.7936,-76.8200,90.0,top
C39,120.7936,-76.8200,90.0,top
C4,127.5125,-114.8625,270.0,top
C40,118.7936,-76.8000,90.0,top
C41,124.0000,-63.7000,0.0,top
C42,135.1000,-59.1000,90.0,top
C43,139.3000,-59.1000,90.0,top
C44,133.9000,-73.4000,270.0,top
C45,143.7800,-61.7000,0.0,top
C46,140.6000,-62.0000,0.0,top
C47,139.2000,-63.0000,180.0,top
C48,134.4000,-58.5000,90.0,bottom
C49,135.0800,-62.0000,180.0,top
C5,125.0325,-117.3125,180.0,top
C50,139.6000,-68.4000,0.0,top
C51,136.6200,-63.1000,0.0,top
C52,132.7800,-64.5000,180.0,top
C53,137.2000,-59.6000,180.0,top
C54,131.1000,-59.2000,0.0,bottom
C55,140.6000,-67.2000,0.0,top
C56,142.9000,-64.7000,0.0,top
C57,137.6000,-68.3200,270.0,top
C58,141.7000,-60.2000,180.0,bottom
C59,135.1000,-67.2000,180.0,top
C6,150.9000,-81.1200,90.0,top
C60,136.6000,-66.1000,0.0,top
C61,165.3000,-79.7000,180.0,bottom
C62,165.3000,-80.7000,180.0,bottom
C63,122.7550,-60.7500,0.0,bottom
C64,136.3175,-91.6500,180.0,bottom
C65,136.1975,-92.9500,180.0,bottom
C66,130.2000,-79.6000,0.0,bottom
C67,144.6000,-116.3000,0.0,top
C68,130.2175,-93.9400,270.0,bottom
C69,129.2175,-93.9400,270.0,bottom
C7,152.5450,-81.1200,90.0,top
C70,131.7000,-79.8000,270.0,bottom
C71,166.1000,-93.8000,225.0,top
C72,104.2000,-86.2000,45.0,top
C74,142.6000,-100.4000,180.0,top
C75,142.0750,-105.6000,180.0,top
C76,142.0000,-102.2000,180.0,top
C77,142.8000,-103.7000,180.0,top
C78,131.3000,-101.5231,180.0,top
C79,138.7000,-96.3000,90.0,top
C8,150.4000,-86.2875,270.0,top
C80,133.8000,-110.1000,270.0,top
C81,140.7000,-96.3000,90.0,top
C82,135.3000,-110.1000,270.0,top
C83,142.2000,-96.8000,90.0,top
C84,137.1000,-110.3000,270.0,top
C85,139.1000,-110.3000,270.0,top
C86,151.1000,-99.1000,90.0,top
C87,151.1000,-103.0000,270.0,top
C88,141.0800,-108.1000,0.0,top
C89,155.5934,-110.5934,315.0,top
C9,115.7521,-114.1615,270.0,top
C90,130.0000,-98.6000,90.0,top
C91,131.5000,-98.6000,90.0,top
C92,102.5000,-89.1000,90.0,top
C93,146.0000,-86.5000,180.0,bottom
C94,139.1000,-86.5000,180.0,bottom
C95,132.2000,-86.5000,180.0,bottom
C96,125.2000,-86.4000,180.0,bottom
C97,168.5604,-89.1000,270.0,top
C98,139.8000,-83.1000,180.0,bottom
C99,141.5800,-86.5000,0.0,bottom
D1,152.2606,-64.3323,225.0,bottom
D3,149.9606,-69.5323,45.0,top
D4,149.2606,-68.8323,45.0,top
D5,114.4502,-81.4710,0.0,top
D6,138.4000,-76.2000,270.0,bottom
FB1,152.8606,-63.1323,225.0,bottom
FB2,132.4000,-78.3350,90.0,top
FB4,143.5000,-77.4000,90.0,top
FB5,137.0000,-60.8000,0.0,top
J1,152.9000,-65.8000,135.0,top
J5,160.8106,-105.6288,225.0,top
J6,157.9750,-93.7810,270.0,top
L1,121.0125,-109.5615,90.0,top
L2,112.0000,-98.0500,90.0,top
L3,116.1000,-70.4000,270.0,top
L4,116.0000,-72.3000,90.0,top
L5,119.7936,-76.8000,270.0,top
L6,146.6000,-99.1000,180.0,top
L7,146.6000,-104.0000,180.0,top
L8,138.1000,-77.9600,270.0,top
LED1,100.5202,-89.0869,270.0,top
LED2,125.2624,-89.1135,90.0,bottom
LED3,132.2500,-89.1000,90.0,bottom
LED4,139.2000,-89.1000,90.0,bottom
LED5,146.1000,-89.1000,90.0,bottom
LED6,171.1100,-89.0668,90.0,top
MK1,104.1227,-82.3469,225.0,top
MK2,167.4438,-96.0810,45.0,top
POWER_IN1,141.3104,-120.2010,0.0,top
Q1,137.3000,-56.6000,180.0,bottom
Q2,123.0000,-63.0000,270.0,bottom
Q3,138.2800,-94.5000,180.0,bottom
Q4,157.0000,-83.9000,0.0,top
R1,151.8000,-70.7000,315.0,top
R11,115.6875,-111.7615,0.0,top
R12,117.4521,-114.0615,270.0,top
R13,119.0125,-113.9875,90.0,top
R14,114.9325,-106.9800,180.0,top
R15,115.9425,-100.4800,180.0,top
R17,106.1175,-100.4800,0.0,top
R18,108.4425,-102.6550,270.0,top
R19,109.9425,-102.6550,90.0,top
R2,150.1000,-68.2000,225.0,bottom
R20,114.6000,-80.2000,0.0,top
R21,119.6200,-80.9000,0.0,top
R22,131.0000,-67.5000,180.0,top
R24,131.0000,-72.6310,0.0,top
R27,130.9900,-69.6310,0.0,top
R28,130.9900,-68.6310,0.0,top
R29,126.4000,-75.3310,270.0,top
R3,149.4000,-68.9000,225.0,bottom
R30,127.4000,-75.3210,270.0,top
R31,130.5000,-74.6000,180.0,top
R32,125.1000,-76.5000,90.0,top
R33,126.8000,-76.8000,180.0,top
R34,133.0000,-61.1000,180.0,bottom
R35,131.6000,-60.6000,90.0,bottom
R36,140.2900,-56.1000,180.0,bottom
R39,144.5000,-65.0000,180.0,bottom
R40,131.3000,-65.2000,0.0,bottom
R41,134.1350,-56.6000,180.0,bottom
R42,131.3000,-66.2000,0.0,bottom
R43,144.5000,-66.0000,180.0,bottom
R44,145.7100,-67.4000,180.0,bottom
R45,143.2000,-69.4000,270.0,bottom
R46,142.2000,-69.4000,270.0,bottom
R47,123.0050,-66.3500,0.0,bottom
R48,123.0050,-65.2500,180.0,bottom
R49,122.7550,-59.7500,0.0,bottom
R5,147.8000,-66.7000,135.0,top
R50,123.3000,-79.2000,180.0,bottom
R52,136.3000,-81.9000,90.0,bottom
R53,141.7175,-93.4500,180.0,bottom
R54,135.7175,-94.4500,90.0,bottom
R55,143.5700,-117.3000,180.0,top
R56,135.0000,-81.4000,90.0,bottom
R57,144.7000,-115.3000,0.0,top
R58,138.4000,-78.7900,270.0,bottom
R59,107.0000,-82.1000,135.0,top
R60,164.7000,-94.5000,315.0,top
R62,103.4900,-85.5000,45.0,top
R63,167.5000,-93.2000,315.0,top
R65,128.2175,-93.9400,90.0,bottom
R66,142.1000,-112.9000,90.0,top
R67,124.9000,-99.4000,180.0,bottom
R68,136.2000,-94.8125,270.0,top
R69,132.1000,-112.1000,90.0,top
R7,123.0521,-117.9615,180.0,top
R70,130.2000,-100.6000,0.0,top
R71,131.4996,-106.7412,90.0,top
R72,139.8100,-82.1000,180.0,bottom
R73,146.0000,-85.3000,180.0,bottom
R74,133.9000,-78.5000,90.0,top
R75,133.6000,-83.4000,0.0,top
R76,156.4000,-81.8000,0.0,top
R77,157.1000,-80.8000,0.0,top
R79,154.8300,-96.6400,0.0,top
R8,124.9521,-112.6115,180.0,top
R80,154.7000,-90.6900,0.0,top
R81,116.1000,-84.9000,270.0,bottom
R9,154.4000,-82.0625,180.0,top
SW1,115.3000,-85.0000,270.0,top
SW2,119.0200,-85.0000,270.0,top
U10,137.8749,-64.6003,180.0,bottom
U11,127.2000,-76.2000,90.0,bottom
U12,135.0000,-76.5000,180.0,bottom
U13,132.9625,-94.5000,180.0,bottom
U14,136.2000,-103.3000,270.0,top
U15,142.9000,-83.6000,90.0,bottom
U16,121.5000,-70.2500,90.0,bottom
U18,124.8000,-106.7000,270.0,top
U19,118.4500,-84.4500,0.0,bottom
U3,122.0500,-114.5625,270.0,top
U4,153.4000,-84.7000,0.0,top
U5,141.0000,-75.9650,0.0,top
U6,135.7000,-78.8600,180.0,top
U7,112.9800,-103.2300,270.0,top
U8,124.4000,-70.0000,90.0,top
U9,127.2000,-60.3000,90.0,top
X1,133.0000,-59.5000,270.0,bottom
Y1,118.3000,-69.3000,270.0,top
