Ref,Val,Package,PosX,PosY,Rot,Side
"C30","100nF","C_0402_1005Metric",126.300000,-70.100000,90.000000,bottom
"C33","100nF","C_0402_1005Metric",120.200000,-67.300000,90.000000,bottom
"C34","100nF","C_0402_1005Metric",128.900000,-65.800000,90.000000,bottom
"C35","1uF","C_0402_1005Metric",129.900000,-65.800000,90.000000,bottom
"C48","20pF","C_0402_1005Metric",134.400000,-58.500000,90.000000,bottom
"C54","20pF","C_0402_1005Metric",131.100000,-59.200000,180.000000,bottom
"C58","100nF","C_0402_1005Metric",141.700000,-60.200000,0.000000,bottom
"C61","100nF","C_0402_1005Metric",165.300000,-79.700000,0.000000,bottom
"C62","100nF","C_0402_1005Metric",165.300000,-80.700000,0.000000,bottom
"C63","1uF","C_0402_1005Metric",122.755000,-60.750000,180.000000,bottom
"C64","2.2uF","C_0603_1608Metric",136.317500,-91.650000,0.000000,bottom
"C65","100nF","C_0402_1005Metric",136.197500,-92.950000,0.000000,bottom
"C66","100nF","C_0402_1005Metric",130.200000,-79.600000,180.000000,bottom
"C68","1uF","C_0402_1005Metric",130.217500,-93.940000,-90.000000,bottom
"C69","100nF","C_0402_1005Metric",129.217500,-93.940000,-90.000000,bottom
"C70","100nF","C_0402_1005Metric",131.700000,-79.800000,-90.000000,bottom
"C93","100nF","C_0402_1005Metric",146.000000,-86.500000,0.000000,bottom
"C94","100nF","C_0402_1005Metric",139.100000,-86.500000,0.000000,bottom
"C95","100nF","C_0402_1005Metric",132.200000,-86.500000,0.000000,bottom
"C96","100nF","C_0402_1005Metric",125.200000,-86.400000,0.000000,bottom
"C98","100nF","C_0402_1005Metric",139.800000,-83.100000,0.000000,bottom
"C99","100nF","C_0402_1005Metric",141.580000,-86.500000,180.000000,bottom
"C101","100nF","C_0402_1005Metric",123.600000,-72.000000,0.000000,bottom
"C104","100nF","C_0402_1005Metric",121.188000,-83.850000,90.000000,bottom
"C105","100nF","C_0402_1005Metric",124.300000,-115.980000,-90.000000,bottom
"C106","100nF","C_0402_1005Metric",115.750000,-106.430000,-90.000000,bottom
"D1","TPD1E10B06DPYR","TPD1E05U06DPYR",152.260642,-64.332287,-45.000000,bottom
"D6","RB521S30T1G","DIOM168X70N",138.400000,-76.200000,-90.000000,bottom
"FB1","30R","R_0603_1608Metric",152.860642,-63.132287,-45.000000,bottom
"LED2","SK6812-EC20","SK6805-EC20",125.262358,-89.113546,90.000000,bottom
"LED3","SK6812-EC20","SK6805-EC20",132.250000,-89.100000,90.000000,bottom
"LED4","SK6812-EC20","SK6805-EC20",139.200000,-89.100000,90.000000,bottom
"LED5","SK6812-EC20","SK6805-EC20",146.100000,-89.100000,90.000000,bottom
"Q1","LBSS138WT1G","SC-70-3_L2.1-W1.3-P0.65-LS2.1-BR",137.300000,-56.600000,0.000000,bottom
"Q2","LBSS138WT1G","SOT-323_SC-70",123.000000,-63.000000,90.000000,bottom
"Q3","BC847B","SOT-23",138.280000,-94.500000,180.000000,bottom
"R2","22R","R_0402_1005Metric",150.100000,-68.200000,-45.000000,bottom
"R3","22R","R_0402_1005Metric",149.400000,-68.900000,-45.000000,bottom
"R34","1M","R_0402_1005Metric",133.000000,-61.100000,0.000000,bottom
"R35","680R","R_0402_1005Metric",131.600000,-60.600000,90.000000,bottom
"R36","47k","R_0402_1005Metric",140.290000,-56.100000,0.000000,bottom
"R39","100R","R_0402_1005Metric",144.500000,-65.000000,0.000000,bottom
"R40","0R","R_0402_1005Metric",131.300000,-65.200000,180.000000,bottom
"R41","100k","R_0402_1005Metric",134.135000,-56.600000,0.000000,bottom
"R42","0R","R_0402_1005Metric",131.300000,-66.200000,180.000000,bottom
"R43","0R","R_0402_1005Metric",144.500000,-66.000000,0.000000,bottom
"R44","0R","R_0402_1005Metric",145.710000,-67.400000,0.000000,bottom
"R45","0R","R_0402_1005Metric",143.200000,-69.400000,-90.000000,bottom
"R46","0R","R_0402_1005Metric",142.200000,-69.400000,-90.000000,bottom
"R47","100R","R_0402_1005Metric",123.005000,-66.350000,180.000000,bottom
"R48","470k","R_0402_1005Metric",123.005000,-65.250000,0.000000,bottom
"R49","10k","R_0402_1005Metric",122.755000,-59.750000,180.000000,bottom
"R50","4.7k","R_0402_1005Metric",123.300000,-79.200000,0.000000,bottom
"R52","47k","R_0402_1005Metric",136.300000,-81.900000,90.000000,bottom
"R53","3.3k","R_0402_1005Metric",141.717500,-93.450000,0.000000,bottom
"R54","470k","R_0402_1005Metric",135.717500,-94.450000,90.000000,bottom
"R56","100R","R_0402_1005Metric",135.000000,-81.400000,90.000000,bottom
"R58","10k","R_0402_1005Metric",138.400000,-78.790000,-90.000000,bottom
"R65","47k","R_0402_1005Metric",128.217500,-93.940000,90.000000,bottom
"R67","0R","R_0603_1608Metric",124.900000,-99.400000,0.000000,bottom
"R72","75k","R_0402_1005Metric",139.810000,-82.100000,0.000000,bottom
"R73","1M","R_0402_1005Metric",146.000000,-85.300000,0.000000,bottom
"R81","10k","R_0402_1005Metric",116.100000,-84.900000,-90.000000,bottom
"U10","XU316-1024-QF60B-C24","XU316-1024-QF60B-C24",137.874949,-64.600300,0.000000,bottom
"U11","W25Q32JVSSIQ","SOIC-8_5.3x5.3mm_P1.27mm",127.200000,-76.200000,0.000000,bottom
"U12","SN74LVC125APWR","SOP65P640X120-14N",135.000000,-76.500000,-90.000000,bottom
"U13","TLV73333PDBVR","TLV73333PDBVR",132.962500,-94.500000,180.000000,bottom
"U15","MPR121QR2","MPR121QR2",142.900000,-83.600000,0.000000,bottom
"U16","TS3USB221ERSER","TS3USB221ERSER",121.500000,-70.250000,90.000000,bottom
"U19","74AHCT1G125","SOT-353_SC-70-5",118.450000,-84.450000,0.000000,bottom
"X1","24MHz 12pF","X4-SMD-2.0X1.6MM",133.000000,-59.500000,-90.000000,bottom
"AE1","2450AT18A100E","Johanson_2450AT18x100",113.774695,-66.925305,45.000000,top
"C3","22uF","C_0805_2012Metric",125.512500,-114.862500,-90.000000,top
"C4","10uF","C_0805_2012Metric",127.512500,-114.862500,-90.000000,top
"C5","10nF","C_0402_1005Metric",125.032500,-117.312500,180.000000,top
"C6","4.7uF","C_0603_1608Metric",150.900000,-81.120000,90.000000,top
"C7","100nF","C_0603_1608Metric",152.545000,-81.120000,90.000000,top
"C8","100nF","C_0603_1608Metric",150.400000,-86.287500,-90.000000,top
"C9","220pF","C_0603_1608Metric",115.752138,-114.161501,-90.000000,top
"C10","22uF","C_0805_2012Metric",116.962500,-109.312500,180.000000,top
"C11","100nF","C_0805_2012Metric",124.512500,-110.362500,-90.000000,top
"C12","2.2uF","C_0603_1608Metric",140.970000,-79.615000,-90.000000,top
"C13","10uF","C_0603_1608Metric",136.150000,-81.937500,-90.000000,top
"C14","22uF","C_0805_2012Metric",116.200000,-103.480000,-90.000000,top
"C15","10uF","C_0805_2012Metric",118.200000,-103.480000,-90.000000,top
"C16","10nF","C_0402_1005Metric",115.962500,-105.980000,180.000000,top
"C17","10uF","C_0603_1608Metric",138.970000,-73.115000,180.000000,top
"C18","10uF","C_0603_1608Metric",134.375000,-75.162500,180.000000,top
"C19","100nF","C_0805_2012Metric",142.195000,-73.115000,0.000000,top
"C20","4.7uF","C_0805_2012Metric",137.589638,-75.111501,0.000000,top
"C21","220pF","C_0603_1608Metric",106.942500,-102.755000,-90.000000,top
"C22","22uF","C_0805_2012Metric",108.442500,-97.980000,-90.000000,top
"C23","100nF","C_0805_2012Metric",106.442500,-98.030000,-90.000000,top
"C24","1uF","C_0402_1005Metric",116.400000,-81.000000,90.000000,top
"C25","100nF","C_0603_1608Metric",130.900000,-78.335000,-90.000000,top
"C26","12pF","C_0402_1005Metric",118.670748,-71.298037,0.000000,top
"C27","12pF","C_0402_1005Metric",118.470999,-67.200000,180.000000,top
"C28","1.2pF","C_0402_1005Metric",117.200000,-71.900000,-90.000000,top
"C29","12pF","C_0402_1005Metric",119.620000,-81.900000,180.000000,top
"C31","1uF","C_0402_1005Metric",118.800000,-72.300000,0.000000,top
"C32","100nF","C_0402_1005Metric",118.800000,-73.280000,0.000000,top
"C36","2.4pF","C_0402_1005Metric",121.273650,-75.300000,0.000000,top
"C37","100nF","C_0402_1005Metric",119.273650,-75.300000,180.000000,top
"C38","100nF","C_0402_1005Metric",121.793650,-76.820000,90.000000,top
"C39","1uF","C_0402_1005Metric",120.793650,-76.820000,90.000000,top
"C40","10uF","C_0402_1005Metric",118.793650,-76.800000,90.000000,top
"C41","100nF","C_0402_1005Metric",124.000000,-63.700000,0.000000,top
"C42","100nF","C_0402_1005Metric",135.100000,-59.100000,90.000000,top
"C43","100nF","C_0402_1005Metric",139.300000,-59.100000,90.000000,top
"C44","1uF","C_0402_1005Metric",133.900000,-73.400000,-90.000000,top
"C45","100nF","C_0402_1005Metric",143.780000,-61.700000,0.000000,top
"C46","100nF","C_0402_1005Metric",140.600000,-62.000000,0.000000,top
"C47","100nF","C_0402_1005Metric",139.200000,-63.000000,180.000000,top
"C49","100nF","C_0402_1005Metric",135.080000,-62.000000,180.000000,top
"C50","100nF","C_0402_1005Metric",139.600000,-68.400000,0.000000,top
"C51","100nF","C_0402_1005Metric",136.620000,-63.100000,0.000000,top
"C52","100nF","C_0402_1005Metric",132.780000,-64.500000,180.000000,top
"C53","1uF","C_0402_1005Metric",137.200000,-59.600000,180.000000,top
"C55","100nF","C_0402_1005Metric",140.600000,-67.200000,0.000000,top
"C56","100nF","C_0402_1005Metric",142.900000,-64.700000,0.000000,top
"C57","100nF","C_0402_1005Metric",137.600000,-68.320000,-90.000000,top
"C59","100nF","C_0402_1005Metric",135.100000,-67.200000,180.000000,top
"C60","100nF","C_0402_1005Metric",136.600000,-66.100000,0.000000,top
"C67","100nF","C_0402_1005Metric",144.600000,-116.300000,0.000000,top
"C71","100nF","C_0402_1005Metric",166.100000,-93.800000,-135.000000,top
"C72","100nF","C_0402_1005Metric",104.200000,-86.200000,45.000000,top
"C74","0.22uF","C_0603_1608Metric",142.600000,-100.400000,180.000000,top
"C75","0.22uF","C_0603_1608Metric",142.075000,-105.600000,180.000000,top
"C76","0.22uF","C_0603_1608Metric",142.000000,-102.200000,180.000000,top
"C77","0.22uF","C_0603_1608Metric",142.800000,-103.700000,180.000000,top
"C78","1uF","C_0402_1005Metric",131.300000,-101.523110,180.000000,top
"C79","22uF","C_0805_2012Metric",138.700000,-96.300000,90.000000,top
"C80","4.7uF","C_0603_1608Metric",133.800000,-110.100000,-90.000000,top
"C81","22uF","C_0805_2012Metric",140.700000,-96.300000,90.000000,top
"C82","100nF","C_0603_1608Metric",135.300000,-110.100000,-90.000000,top
"C83","100nF","C_0402_1005Metric",142.200000,-96.800000,90.000000,top
"C84","22uF","C_0805_2012Metric",137.100000,-110.300000,-90.000000,top
"C85","22uF","C_0805_2012Metric",139.100000,-110.300000,-90.000000,top
"C86","0.68uF","C_0805_2012Metric",151.100000,-99.100000,90.000000,top
"C87","0.68uF","C_0805_2012Metric",151.100000,-103.000000,-90.000000,top
"C88","100nF","C_0402_1005Metric",141.080000,-108.100000,0.000000,top
"C89","220uF","C_Elec_6.3x7.7",155.593414,-110.593414,-45.000000,top
"C90","4.7uF","C_0603_1608Metric",130.000000,-98.600000,90.000000,top
"C91","100nF","C_0603_1608Metric",131.500000,-98.600000,90.000000,top
"C92","100nF","C_0402_1005Metric",102.500000,-89.100000,90.000000,top
"C97","100nF","C_0402_1005Metric",168.560362,-89.100000,-90.000000,top
"C100","120pF","C_0402_1005Metric",133.600000,-82.300000,0.000000,top
"C103","100nF","C_0402_1005Metric",141.370000,-56.095000,0.000000,top
"C107","10uF","C_0603_1608Metric",143.000000,-65.940000,0.000000,top
"C108","100nF","C_0402_1005Metric",105.600000,-85.100000,-45.000000,top
"C109","100nF","C_0402_1005Metric",168.600000,-92.200000,0.000000,top
"D3","PESD0402V05","D_0402_1005Metric",149.960642,-69.532287,45.000000,top
"D4","PESD0402V05","D_0402_1005Metric",149.260642,-68.832287,45.000000,top
"D5","LRB520S-30T1G","D_SOD-523",114.450200,-81.470999,0.000000,top
"FB2","120R","BLM18PG121SN1D",132.400000,-78.335000,90.000000,top
"FB4","120R","BLM18PG121SN1D",143.500000,-77.400000,90.000000,top
"FB5","600R","BLM18PG121SN1D",137.000000,-60.800000,0.000000,top
"J1","usb_c","USB-C-SMD_TYPE-C-USB-18",152.900000,-65.800000,135.000000,top
"J5","1775443-2","1775443-2",160.810600,-105.628800,135.000000,top
"J6","FH34SRJ-12S-0.5SH(50)","HRS_FH34SRJ-12S-0.5SH_50_",157.975000,-93.781000,-90.000000,top
"L1","2.2uH","L_Bourns_SRP4020TA",121.012500,-109.561501,90.000000,top
"L2","2.2uH","L_Bourns_SRP4020TA",112.000000,-98.050000,90.000000,top
"L3","3.3nH","L_0402_1005Metric",116.100000,-70.400000,-90.000000,top
"L4","2.7nH","L_0402_1005Metric",116.000000,-72.300000,90.000000,top
"L5","2.2nH","L_0402_1005Metric",119.793650,-76.800000,-90.000000,top
"L6","10uH","MTQH404030S100MBT",146.600000,-99.100000,180.000000,top
"L7","10uH","MTQH404030S100MBT",146.600000,-104.000000,180.000000,top
"L8","1uH","L_Murata_DFE201610P",138.100000,-77.960000,-90.000000,top
"LED1","SK6812D-EC3210R","LED-SMD_4P_SK6812D-EC3210R",100.520190,-89.086878,-90.000000,top
"LED6","SK6812D-EC3210R","LED-SMD_4P_SK6812D-EC3210R",171.109987,-89.066792,90.000000,top
"MK1","MMICT390200012","MIC_T3902",104.122706,-82.346915,-135.000000,top
"MK2","MMICT390200012","MIC_T3902",167.443841,-96.081009,45.000000,top
"POWER_IN1","FH34SRJ-10S-0.5SH_50_","HRS_FH34SRJ-10S-0.5SH_50_",141.310362,-120.100999,0.000000,top
"Q4","LBSS138WT1G","SOT-323_SC-70",157.000000,-83.900000,0.000000,top
"R1","5.1k","R_0402_1005Metric",151.800000,-70.700000,-45.000000,top
"R5","5.1k","R_0402_1005Metric",147.800000,-66.700000,135.000000,top
"R7","0R","R_0402_1005Metric",123.052138,-117.961501,180.000000,top
"R8","100k","R_0402_1005Metric",124.952138,-112.611501,180.000000,top
"R9","100k","R_0402_1005Metric",154.400000,-82.062500,180.000000,top
"R11","49.9R","R_0603_1608Metric",115.687500,-111.761501,0.000000,top
"R12","210k","R_0603_1608Metric",117.452138,-114.061501,-90.000000,top
"R13","40k","R_0603_1608Metric",119.012500,-113.987500,90.000000,top
"R14","0R","R_0402_1005Metric",114.932500,-106.980000,180.000000,top
"R15","100k","R_0402_1005Metric",115.942500,-100.480000,180.000000,top
"R17","49.9R","R_0603_1608Metric",106.117500,-100.480000,0.000000,top
"R18","68.1k","R_0603_1608Metric",108.442500,-102.655000,-90.000000,top
"R19","22.1k","R_0603_1608Metric",109.942500,-102.655000,90.000000,top
"R20","10k","R_0402_1005Metric",114.600000,-80.200000,0.000000,top
"R21","10k","R_0402_1005Metric",119.620000,-80.900000,0.000000,top
"R22","0R","R_0402_1005Metric",131.000000,-67.500000,180.000000,top
"R24","0R","R_0402_1005Metric",131.000000,-72.630999,0.000000,top
"R27","0R","R_0402_1005Metric",130.990000,-69.630999,0.000000,top
"R28","0R","R_0402_1005Metric",130.990000,-68.630999,0.000000,top
"R29","0R","R_0402_1005Metric",126.400000,-75.330999,-90.000000,top
"R30","0R","R_0402_1005Metric",127.400000,-75.320999,-90.000000,top
"R31","0R","R_0402_1005Metric",130.500000,-74.600000,180.000000,top
"R32","4.7k","R_0402_1005Metric",125.100000,-76.500000,90.000000,top
"R33","4.7k","R_0402_1005Metric",126.800000,-76.800000,180.000000,top
"R55","100R","R_0402_1005Metric",143.570000,-117.300000,180.000000,top
"R57","1k","R_0402_1005Metric",144.700000,-115.300000,0.000000,top
"R59","100R","R_0402_1005Metric",107.000000,-82.100000,135.000000,top
"R60","100R","R_0402_1005Metric",164.700000,-94.500000,-45.000000,top
"R62","100R","R_0402_1005Metric",103.490000,-85.500000,45.000000,top
"R63","100R","R_0402_1005Metric",167.500000,-93.200000,-45.000000,top
"R66","0R","R_1206_3216Metric",142.100000,-112.900000,90.000000,top
"R68","0R","R_0805_2012Metric",136.200000,-94.812500,-90.000000,top
"R69","0R","R_0805_2012Metric",132.100000,-112.100000,90.000000,top
"R70","4.7k","R_0402_1005Metric",130.200000,-100.600000,0.000000,top
"R71","47k","R_0402_1005Metric",131.499603,-106.741195,90.000000,top
"R74","51k","R_0402_1005Metric",133.900000,-78.500000,90.000000,top
"R75","100k","R_0402_1005Metric",133.600000,-83.400000,0.000000,top
"R76","1M","R_0402_1005Metric",156.400000,-81.800000,0.000000,top
"R77","330k","R_0402_1005Metric",157.100000,-80.800000,0.000000,top
"R79","10k","R_0402_1005Metric",154.830000,-96.640000,0.000000,top
"R80","100R","R_0402_1005Metric",154.700000,-90.690000,0.000000,top
"SW1","Reset","SW-SMD_4P-L4.2-W3.2-P2.15-LS4.5",115.300000,-85.000000,-90.000000,top
"SW2","BOOT","SW-SMD_4P-L4.2-W3.2-P2.15-LS4.5",119.020000,-85.000000,-90.000000,top
"U3","TPS62130","VQFN-16-1EP_3x3mm_P0.5mm_EP1.68x1.68mm_ThermalVias",122.050000,-114.562500,0.000000,top
"U4","AP22802AW5-7","SOT-23-5",153.400000,-84.700000,90.000000,top
"U5","TLV70018DCKR","SOT65P210X110-5N",141.000000,-75.965000,90.000000,top
"U6","TPS62065DSGR","Texas_DSG0008A_WSON-8-1EP_2x2mm_P0.5mm_EP0.9x1.6mm",135.700000,-78.860000,-90.000000,top
"U7","TPS62130","VQFN-16-1EP_3x3mm_P0.5mm_EP1.68x1.68mm_ThermalVias",112.980000,-103.230000,0.000000,top
"U8","ESP32-S3R8","QFN40P700X700X90-57N",124.400000,-70.000000,90.000000,top
"U9","W25Q128JVSIQ","SOIC-8_5.3x5.3mm_P1.27mm",127.200000,-60.300000,180.000000,top
"U14","TAS5805MPWPR","TAS5805MPWPR",136.200000,-103.300000,0.000000,top
"U18","LM66100DCK","SOT-363_SC-70-6",124.800000,-106.700000,90.000000,top
"Y1","40MHz","Crystal_SMD_2016-4Pin_2.0x1.6mm",118.300000,-69.300000,-90.000000,top
